id,name,slug,category,subcategory,gender_category,style,description,image_url
1,"Women's Beige Casual Graphic Print Tunic",women-s-beige-casual-graphic-print-tunic,Tops,Tunic,Women,casual,"Female's beige tunic with graphic design. Casual style.",/products/extracted-products/female_beige_tunic_graphic_file_1616x1080_001321_Large_1.png
2,"Women's Beige Casual Graphic Print Hoodie",women-s-beige-casual-graphic-print-hoodie,Tops,Hoodie,Women,casual,"Female's beige hoodie with graphic design. Casual style.",/products/extracted-products/female_beige_hoodie_graphic_SONY_ILCE-7RM5_9600x6376_000237_1.png
3,"Women's Black Casual Graphic Print Dress",women-s-black-casual-graphic-print-dress,Dresses,Dress,Women,casual,"Female's black dress with graphic design. Casual style.",/products/extracted-products/female_black_dress_graphic__DSC6503_1.png
4,"Women's Black Casual Graphic Print Blouse",women-s-black-casual-graphic-print-blouse,Tops,Blouse,Women,casual,"Female's black blouse with graphic design. Casual style.",/products/extracted-products/female_black_blouse_graphic__DSC3952_Large_1.png
5,"Kids's Black Casual Graphic Print Dress",kids-s-black-casual-graphic-print-dress,Kids,Dresses,Kids,casual,"Adorable girl's black dress with graphic design. Casual style.",/products/extracted-products/female_black_dress_graphic__DSC5389_1.png
6,"Women's Black Casual Dress",women-s-black-casual-dress,Dresses,Dress,Women,casual,"Female's black dress. Casual style.",/products/extracted-products/female_black_dress_SONY_ILCE-7RM5_9600x6376_000156_1.png
7,"Women's Black Casual Speckled Print Dress",women-s-black-casual-speckled-print-dress,Dresses,Dress,Women,casual,"Female's black dress with speckled design. Casual style.",/products/extracted-products/female_black_dress_speckled__DSC4127_Large_1.png
8,"Women's Black Casual Dress",women-s-black-casual-dress-2,Dresses,Dress,Women,casual,"Female's black dress. Casual style.",/products/extracted-products/female_black_dress__DSC4537_Large_1.png
9,"Women's Black Streetwear Graphic Print Hoodie",women-s-black-streetwear-graphic-print-hoodie,Tops,Hoodie,Women,streetwear,"Female's black hoodie with graphic design. Streetwear style.",/products/extracted-products/female_black_hoodie_graphic_print_streetwear__DSC6406.png
10,"Women's Black Casual Graphic Print Hoodie",women-s-black-casual-graphic-print-hoodie-2,Tops,Hoodie,Women,casual,"Female's black hoodie with graphic design. Casual style.",/products/extracted-products/female_black_hoodie_graphic__DSC6406_1.png
11,"Women's Black Minimalist Minimalist Print Dress",women-s-black-minimalist-minimalist-print-dress,Dresses,Dress,Women,minimalist,"Female's black dress with minimalist design. Minimalist style.",/products/extracted-products/female_black_midi_slip_dress_minimalist_SONY_ILCE_7RM5_9600x.png
12,"Women's Black Casual Mules",women-s-black-casual-mules,Footwear,Mules,Women,casual,"Female's black mules. Casual style.",/products/extracted-products/female_black_mules_SONY_ILCE-7RM5_9600x6376_000156_2.png
13,"Women's Beige Casual Graphic Print Sweatpants",women-s-beige-casual-graphic-print-sweatpants,Bottoms,Sweatpants,Women,casual,"Female's beige sweatpants with graphic design. Casual style.",/products/extracted-products/female_beige_sweatpants_graphic_SONY_ILCE-7RM5_9600x6376_000237_2.png
14,"Women's Black Casual Graphic Print Hoodie",women-s-black-casual-graphic-print-hoodie,Tops,Hoodie,Women,casual,"Female's black hoodie with graphic design. Casual style.",/products/extracted-products/female_black_hoodie_graphic__DSC3510_Large_1.png
15,"Women's Black Casual Graphic Print Dress",women-s-black-casual-graphic-print-dress-2,Dresses,Dress,Women,casual,"Female's black dress with graphic design. Casual style.",/products/extracted-products/female_black_mini_dress_graphic_print_casual__DSC6503.png
16,"Women's Black Casual Mules",women-s-black-casual-mules-2,Footwear,Mules,Women,casual,"Female's black mules. Casual style.",/products/extracted-products/female_black_mules__DSC4039_Large_3.png
17,"Women's Black Casual Pants",women-s-black-casual-pants-4,Bottoms,Pants,Women,casual,"Female's black pants. Casual style.",/products/extracted-products/female_black_pants__DSC5314_2.png
18,"Women's Blue Casual Jacket",women-s-blue-casual-jacket,Outerwear,Jacket,Women,casual,"Female's blue jacket. Casual style.",/products/extracted-products/female_blue_jacket_outer__DSC3713_Large_1.png
19,"Women's Blue Casual Graphic Print Jeans",women-s-blue-casual-graphic-print-jeans,Bottoms,Jeans,Women,casual,"Female's blue jeans with graphic design. Casual style.",/products/extracted-products/female_blue_jeans_graphic__DSC6271_2.png
20,"Women's Blue Casual Jeans",women-s-blue-casual-jeans,Bottoms,Jeans,Women,casual,"Female's blue jeans. Casual style.",/products/extracted-products/female_blue_jeans__DSC3510_Large_2.png
21,"Women's Blue Casual Jeans",women-s-blue-casual-jeans-2,Bottoms,Jeans,Women,casual,"Female's blue jeans. Casual style.",/products/extracted-products/female_blue_jeans__DSC6406_2.png
22,"Women's Beige Casual Pants",women-s-beige-casual-pants,Bottoms,Pants,Women,casual,"Female's beige pants. Casual style.",/products/extracted-products/female_beige_pants__DSC3952_Large_2.png
23,"Women's Beige Casual Graphic Print T-Shirt",women-s-beige-casual-graphic-print-t-shirt,Apparel,T,Women,casual,"Female's beige t with graphic design. Casual style.",/products/extracted-products/female_beige_t_shirt_graphic__DSC6666_1.png
24,"Women's Blue Casual Jeans",women-s-blue-casual-jeans-3,Bottoms,Jeans,Women,casual,"Female's blue jeans. Casual style.",/products/extracted-products/female_blue_jeans__DSC6666_2.png
25,"Women's Caramel Vintage Graphic Print Blouse",women-s-caramel-vintage-graphic-print-blouse,Tops,Blouse,Women,vintage,"Female's caramel blouse with graphic design. Vintage style.",/products/extracted-products/female_caramel_brown_cropped_blouse_graphic_print_vintage_SONY_ILCE_7RM5_6304x.png
26,"Women's Cream Athleisure Graphic Print Hoodie",women-s-cream-athleisure-graphic-print-hoodie,Tops,Hoodie,Women,athleisure,"Female's cream hoodie with graphic design. Athleisure style.",/products/extracted-products/female_cream_beige_cropped_hoodie_and_wide-leg_sw_graphic_print_athleisure_SONY_ILCE_7RM5_9600x.png
27,"Kids's Cream Casual Graphic Print Dress",kids-s-cream-casual-graphic-print-dress,Kids,Dresses,Kids,casual,"Adorable girl's cream dress with graphic design. Casual style.",/products/extracted-products/female_cream_dress_graphic_print_casual__DSC5663.png
28,"Women's Cream Bohemian Embroidered Print Tunic",women-s-cream-bohemian-embroidered-print-tunic,Tops,Tunic,Women,bohemian,"Female's cream tunic with embroidered design. Bohemian style.",/products/extracted-products/female_cream_embroidered_tunic_blouse_graphic_print_bohemian_file_1616x1080_00132.png
29,"Women's Black Casual Striped Print Sweater",women-s-black-casual-striped-print-sweater,Tops,Sweater,Women,casual,"Female's black sweater with striped design. Casual style.",/products/extracted-products/female_black_sweater_striped__DSC4039_Large_1.png
30,"Women's Black Casual Top",women-s-black-casual-top,Tops,Top,Women,casual,"Female's black top. Casual style.",/products/extracted-products/female_black_top_under__DSC4648_Large_2.png
31,"Women's Blue Casual Skirt",women-s-blue-casual-skirt,Bottoms,Skirt,Women,casual,"Female's blue skirt. Casual style.",/products/extracted-products/female_blue_skirt__DSC4039_Large_2.png
32,"Women's Bright Casual Graphic Print Top",women-s-bright-casual-graphic-print-top,Tops,Top,Women,casual,"Female's bright top with graphic design. Casual style.",/products/extracted-products/female_bright_red_sleeveless_ribbed_knit_top_graphic_print_casual__DSC6271.png
33,"Kids's Dusty Athleisure Tracksuit",kids-s-dusty-athleisure-tracksuit,Kids,Tracksuit,Kids,athleisure,"Adorable girl's dusty tracksuit. Athleisure style.",/products/extracted-products/female_dusty_rose_pink_tracksuit_athleisure__DSC6165.png
34,"Women's Black Casual Pants",women-s-black-casual-pants-3,Bottoms,Pants,Women,casual,"Female's black pants. Casual style.",/products/extracted-products/female_black_pants__DSC4447_Large_2.png
35,"Kids's Green Casual Graphic Print Dress",kids-s-green-casual-graphic-print-dress,Kids,Dresses,Kids,casual,"Adorable girl's green dress with graphic design. Casual style.",/products/extracted-products/female_green_dress_graphic_file_1616x1080_001003_Large_1.png
36,"Kids's Green Casual Graphic Print Dress",kids-s-green-casual-graphic-print-dress-2,Kids,Dresses,Kids,casual,"Adorable girl's green dress with graphic design. Casual style.",/products/extracted-products/female_green_dress_graphic_SONY_ILCE-7RM5_9600x6376_000295_1.png
37,"Women's Hot Casual Floral Print Tunic",women-s-hot-casual-floral-print-tunic,Tops,Tunic,Women,casual,"Female's hot tunic with floral design. Casual style.",/products/extracted-products/female_hot_pink_floral_print_tunic_and_trouser_graphic_print_casual_SONY_ILCE_7RM5_9600x.png
38,"Kids's Light Casual Graphic Print Tops",kids-s-light-casual-graphic-print-tops,Kids,Tops,Kids,casual,"Adorable girl's light hoodie with graphic design. Casual style.",/products/extracted-products/female_light_blue_hoodie_graphic__DSC5314_1.png
39,"Women's Light Casual Jacket",women-s-light-casual-jacket,Outerwear,Jacket,Women,casual,"Female's light jacket. Casual style.",/products/extracted-products/female_light_blue_jacket_outer__DSC4404_Large_1.png
40,"Women's Light Casual Jacket",women-s-light-casual-jacket-2,Outerwear,Jacket,Women,casual,"Female's light jacket. Casual style.",/products/extracted-products/female_light_blue_jacket_outer__DSC5713_2.png
41,"Women's Light Casual Jeans",women-s-light-casual-jeans,Bottoms,Jeans,Women,casual,"Female's light jeans. Casual style.",/products/extracted-products/female_light_blue_jeans__DSC4404_Large_3.png
42,"Women's Light Casual Jeans",women-s-light-casual-jeans-2,Bottoms,Jeans,Women,casual,"Female's light jeans. Casual style.",/products/extracted-products/female_light_blue_jeans__DSC6224_2.png
43,"Kids's Dark Casual Outerwear",kids-s-dark-casual-outerwear,Kids,Outerwear,Kids,casual,"Adorable girl's dark jacket. Casual style.",/products/extracted-products/female_dark_blue_jacket_outer__DSC6428_2.png
44,"Women's Light Casual Dress",women-s-light-casual-dress,Dresses,Dress,Women,casual,"Female's light dress. Casual style.",/products/extracted-products/female_light_green_dress_ribbed__DSC6428_1.png
45,"Women's Light Casual Jacket",women-s-light-casual-jacket-3,Outerwear,Jacket,Women,casual,"Female's light jacket. Casual style.",/products/extracted-products/female_light_purple_jacket_outer__DSC4648_Large_1.png
46,"Women's Light Casual Top",women-s-light-casual-top,Tops,Top,Women,casual,"Female's light top. Casual style.",/products/extracted-products/female_light_grey_sleeveless_top__DSC4744_Large_1.png
47,"Women's Dark Bohemian Graphic Print Dress",women-s-dark-bohemian-graphic-print-dress,Dresses,Dress,Women,bohemian,"Female's dark dress with graphic design. Bohemian style.",/products/extracted-products/female_dark_teal_green_tiered_midi_dress_graphic_print_bohemian_SONY_ILCE_7RM5_9600x.png
48,"Kids's Light Casual Flats",kids-s-light-casual-flats,Kids,Flats,Kids,casual,"Adorable girl's light flats. Casual style.",/products/extracted-products/female_light_beige_ballet_flats__DSC5817_2.png
49,"Kids's Light Casual Bottoms",kids-s-light-casual-bottoms,Kids,Bottoms,Kids,casual,"Adorable girl's light jeans. Casual style.",/products/extracted-products/female_light_blue_jeans__DSC5713_3.png
50,"Women's Light Casual Apparel",women-s-light-casual-apparel,Apparel,Apparel,Women,casual,"Female's light apparel. Casual style.",/products/extracted-products/female_light_grey_heels_file_1616x1080_001036_Large_2.png
51,"Kids's Navy Casual Graphic Print Jumpsuits",kids-s-navy-casual-graphic-print-jumpsuits,Kids,Jumpsuits,Kids,casual,"Adorable girl's navy jumpsuit with graphic design. Casual style.",/products/extracted-products/female_navy_blue_jumpsuit_graphic__DSC5817_1.png
52,"Women's Maroon Casual Graphic Print Dress",women-s-maroon-casual-graphic-print-dress,Dresses,Dress,Women,casual,"Female's maroon dress with graphic design. Casual style.",/products/extracted-products/female_maroon_dress_graphic_SONY_ILCE-7RM5_9600x6376_000463_1.png
53,"Kids's Navy Casual Graphic Print Jumpsuits",kids-s-navy-casual-graphic-print-jumpsuits-2,Kids,Jumpsuits,Kids,casual,"Adorable girl's navy jumpsuit with graphic design. Casual style.",/products/extracted-products/female_navy_blue_sleeveless_jumpsuit_graphic_print_casual__DSC5817.png
54,"Kids's Off white Casual Graphic Print Dress",kids-s-off-white-casual-graphic-print-dress,Kids,Dresses,Kids,casual,"Adorable girl's off white dress with graphic design. Casual style.",/products/extracted-products/female_off-white_dress_graphic__DSC5663_1.png
55,"Women's Olive Casual Dress",women-s-olive-casual-dress,Dresses,Dress,Women,casual,"Female's olive dress. Casual style.",/products/extracted-products/female_olive_green_dress__DSC3606_1.png
56,"Women's Olive Casual Graphic Print Shirt",women-s-olive-casual-graphic-print-shirt,Tops,Shirt,Women,casual,"Female's olive shirt with graphic design. Casual style.",/products/extracted-products/female_olive_green_shirt_dress_graphic_print_casual_file_1616x1080_00100.png
57,"Women's Pale Casual Graphic Print Dress",women-s-pale-casual-graphic-print-dress,Dresses,Dress,Women,casual,"Female's pale dress with graphic design. Casual style.",/products/extracted-products/female_pale_yellow_midi_dress_graphic_print_casual_file_1616x1080_00103.png
58,"Kids's Pink Casual Tops",kids-s-pink-casual-tops,Kids,Tops,Kids,casual,"Adorable girl's pink hoodie. Casual style.",/products/extracted-products/female_pink_hoodie__DSC6165_1.png
59,"Kids's Pink Casual Graphic Print Apparel",kids-s-pink-casual-graphic-print-apparel,Kids,Apparel,Kids,casual,"Adorable girl's pink apparel with graphic design. Casual style.",/products/extracted-products/female_pink_kurta_graphic_SONY_ILCE-7RM5_9600x6376_000390_1_1.png
60,"Kids's Pink Casual Graphic Print Bottoms",kids-s-pink-casual-graphic-print-bottoms,Kids,Bottoms,Kids,casual,"Adorable girl's pink pants with graphic design. Casual style.",/products/extracted-products/female_pink_pants_graphic_SONY_ILCE-7RM5_9600x6376_000390_1_2.png
61,"Women's Maroon Casual Graphic Print Shirt",women-s-maroon-casual-graphic-print-shirt,Tops,Shirt,Women,casual,"Female's maroon shirt with graphic design. Casual style.",/products/extracted-products/female_maroon_shirt_dress_graphic_print_casual_SONY_ILCE_7RM5_9600x.png
62,"Women's Pink Casual Tank",women-s-pink-casual-tank,Tops,Tank,Women,casual,"Female's pink tank. Casual style.",/products/extracted-products/female_pink_tank_top__DSC4404_Large_2.png
63,"Women's Pink Casual Track",women-s-pink-casual-track,Apparel,Track,Women,casual,"Female's pink track. Casual style.",/products/extracted-products/female_pink_track_pants__DSC6165_2.png
64,"Women's Red Casual Top",women-s-red-casual-top,Tops,Top,Women,casual,"Female's red top. Casual style.",/products/extracted-products/female_red_sleeveless_top__DSC6271_1.png
65,"Women's Red Casual Top",women-s-red-casual-top-2,Tops,Top,Women,casual,"Female's red top. Casual style.",/products/extracted-products/female_red_top__DSC3713_Large_2.png
66,"Kids's White Casual Graphic Print Dress",kids-s-white-casual-graphic-print-dress,Kids,Dresses,Kids,casual,"Adorable girl's white dress with graphic design. Casual style.",/products/extracted-products/female_white_dress_graphic__DSC5484_1.png
67,"Women's White Casual Shirt",women-s-white-casual-shirt,Tops,Shirt,Women,casual,"Female's white shirt. Casual style.",/products/extracted-products/female_white_shirt_dress_casual_SONY_ILCE_7RM5_9600x.png
68,"Women's Off white Casual Dress",women-s-off-white-casual-dress,Dresses,Dress,Women,casual,"Female's off white dress. Casual style.",/products/extracted-products/female_off-white_dress__DSC3989_Large_1.png
69,"Women's White Casual Dress",women-s-white-casual-dress,Dresses,Dress,Women,casual,"Female's white dress. Casual style.",/products/extracted-products/female_white_dress_SONY_ILCE-7RM5_9600x6376_000220_1.png
70,"Women's Light Casual Graphic Print Shirt",women-s-light-casual-graphic-print-shirt,Tops,Shirt,Women,casual,"Female's light shirt with graphic design. Casual style.",/products/extracted-products/female_light_beige_button_up_shirt_graphic__DSC6321_1.png
71,"Kids's Black Casual Graphic Print Tops",kids-s-black-casual-graphic-print-tops,Kids,Tops,Kids,casual,"Adorable boy's black hoodie with graphic design. Casual style.",/products/extracted-products/male_black_hoodie_graphic__DSC5833_1.png
72,"Men's Black Casual Jacket",men-s-black-casual-jacket,Outerwear,Jacket,Men,casual,"Male's black jacket. Casual style.",/products/extracted-products/male_black_jacket_outer__DSC4773_1.png
73,"Men's Black Casual Jacket",men-s-black-casual-jacket-2,Outerwear,Jacket,Men,casual,"Male's black jacket. Casual style.",/products/extracted-products/male_black_jacket_outer__DSC4815_Large_1.png
74,"Men's Black Casual Pants",men-s-black-casual-pants,Bottoms,Pants,Men,casual,"Male's black pants. Casual style.",/products/extracted-products/male_black_pants_SONY_ILCE-7RM5_6304x4180_000006_2.png
75,"Men's Black Casual Pants",men-s-black-casual-pants-3,Bottoms,Pants,Men,casual,"Male's black pants. Casual style.",/products/extracted-products/male_black_pants__DSC4293_Large_3.png
76,"Men's Black Casual Graphic Print T-Shirt",men-s-black-casual-graphic-print-t-shirt,Apparel,T,Men,casual,"Male's black t with graphic design. Casual style.",/products/extracted-products/male_black_t_shirt_graphic__DSC4773_2.png
77,"Men's Black Casual Graphic Print T-Shirt",men-s-black-casual-graphic-print-t-shirt-2,Apparel,T,Men,casual,"Male's black t with graphic design. Casual style.",/products/extracted-products/male_black_t_shirt_graphic__DSC6708_1.png
78,"Kids's Blue Casual Bottoms",kids-s-blue-casual-bottoms,Kids,Bottoms,Kids,casual,"Adorable boy's blue jeans. Casual style.",/products/extracted-products/male_blue_cargo_jeans__DSC5170_3.png
79,"Kids's Beige Casual Graphic Print T-Shirt",kids-s-beige-casual-graphic-print-t-shirt,Kids,T,Kids,casual,"Adorable boy's beige t with graphic design. Casual style.",/products/extracted-products/male_beige_t_shirt_under_graphic__DSC5549_2.png
80,"Men's Black Streetwear Color-block Print Hoodie",men-s-black-streetwear-color-block-print-hoodie,Tops,Hoodie,Men,streetwear,"Male's black hoodie with color-block design. Streetwear style.",/products/extracted-products/male_black_color-block_hoodie_color-block_streetwear__DSC5833.png
81,"Men's Black Casual Pants",men-s-black-casual-pants-2,Bottoms,Pants,Men,casual,"Male's black pants. Casual style.",/products/extracted-products/male_black_pants_SONY_ILCE-7RM5_6304x4180_000037_4.png
82,"Men's Black Casual Pants",men-s-black-casual-pants-4,Bottoms,Pants,Men,casual,"Male's black pants. Casual style.",/products/extracted-products/male_black_pants__DSC4815_Large_3.png
83,"Men's Black Casual Pants",men-s-black-casual-pants-5,Bottoms,Pants,Men,casual,"Male's black pants. Casual style.",/products/extracted-products/male_black_pants__DSC5909_3.png
84,"Men's Black Streetwear Graphic Print T-Shirt",men-s-black-streetwear-graphic-print-t-shirt,Tops,T-Shirt,Men,streetwear,"Male's black t shirt with graphic design. Streetwear style.",/products/extracted-products/male_black_ribbed_t-shirt_graphic_print_streetwear__DSC6708.png
85,"Men's Black Casual Graphic Print Short",men-s-black-casual-graphic-print-short-2,Apparel,Short,Men,casual,"Male's black short with graphic design. Casual style.",/products/extracted-products/male_black_short_sleeve_button_up_shirt_graphic__DSC3419_Large_1.png
86,"Kids's Black Casual Graphic Print T-Shirt",kids-s-black-casual-graphic-print-t-shirt,Kids,T,Kids,casual,"Adorable boy's black t with graphic design. Casual style.",/products/extracted-products/male_black_t_shirt_graphic__DSC5170_1.png
87,"Men's Beige Casual T-Shirt",men-s-beige-casual-t-shirt,Apparel,T,Men,casual,"Male's beige t. Casual style.",/products/extracted-products/male_beige_t_shirt_under__DSC3868_Large_2.png
88,"Women's Black Casual Shirt",women-s-black-casual-shirt,Tops,Shirt,Women,casual,"Female's black shirt. Casual style.",/products/extracted-products/female_black_polo_shirt__DSC6224_1.png
89,"Kids's Brown Casual Graphic Print Outerwear",kids-s-brown-casual-graphic-print-outerwear,Kids,Outerwear,Kids,casual,"Adorable boy's brown jacket with graphic design. Casual style.",/products/extracted-products/male_brown_varsity_jacket_outer_graphic__DSC3868_Large_1.png
90,"Kids's Dark Streetwear Graphic Print Bottoms",kids-s-dark-streetwear-graphic-print-bottoms,Kids,Bottoms,Kids,streetwear,"Adorable boy's dark jeans with graphic design. Streetwear style.",/products/extracted-products/male_dark_blue_cargo_jeans_graphic_print_streetwear__DSC7728.png
91,"Men's Dark Casual Pants",men-s-dark-casual-pants,Bottoms,Pants,Men,casual,"Male's dark pants. Casual style.",/products/extracted-products/male_dark_blue_cargo_pants__DSC4827_Large_2.png
92,"Men's Dark Casual Jacket",men-s-dark-casual-jacket,Outerwear,Jacket,Men,casual,"Male's dark jacket. Casual style.",/products/extracted-products/male_dark_blue_denim_jacket_outer__DSC4293_Large_2.png
93,"Men's Dark Casual Jacket",men-s-dark-casual-jacket-2,Outerwear,Jacket,Men,casual,"Male's dark jacket. Casual style.",/products/extracted-products/male_dark_blue_jacket_outer_SONY_ILCE-7RM5_9600x6376_000267_1.png
94,"Men's Dark Casual Jeans",men-s-dark-casual-jeans,Bottoms,Jeans,Men,casual,"Male's dark jeans. Casual style.",/products/extracted-products/male_dark_blue_jeans_SONY_ILCE-7RM5_9600x6376_000109_2.png
95,"Men's Dark Casual Jeans",men-s-dark-casual-jeans-3,Bottoms,Jeans,Men,casual,"Male's dark jeans. Casual style.",/products/extracted-products/male_dark_blue_jeans__DSC3383_org_2.png
96,"Women's Lime Casual Dress",women-s-lime-casual-dress,Dresses,Dress,Women,casual,"Female's lime dress. Casual style.",/products/extracted-products/female_lime_green_mini_dress_casual__DSC6428.png
97,"Men's Blue Casual Jeans",men-s-blue-casual-jeans-3,Bottoms,Jeans,Men,casual,"Male's blue jeans. Casual style.",/products/extracted-products/male_blue_jeans__DSC5833_2.png
98,"Men's Blue Casual T-Shirt",men-s-blue-casual-t-shirt,Apparel,T,Men,casual,"Male's blue t. Casual style.",/products/extracted-products/male_blue_t_shirt_under_SONY_ILCE-7RM5_6304x4180_000037_3.png
99,"Men's Brown Casual Jacket",men-s-brown-casual-jacket,Outerwear,Jacket,Men,casual,"Male's brown jacket. Casual style.",/products/extracted-products/male_brown_jacket_outer_SONY_ILCE-7RM5_6304x4180_000037_1.png
100,"Men's Dark Casual Jeans",men-s-dark-casual-jeans-2,Bottoms,Jeans,Men,casual,"Male's dark jeans. Casual style.",/products/extracted-products/male_dark_blue_jeans__DSC3339_Large_2.png
101,"Men's Dark Casual Jeans",men-s-dark-casual-jeans-4,Bottoms,Jeans,Men,casual,"Male's dark jeans. Casual style.",/products/extracted-products/male_dark_blue_jeans__DSC4193_Large_2.png
102,"Men's Dark Casual Jeans",men-s-dark-casual-jeans-5,Bottoms,Jeans,Men,casual,"Male's dark jeans. Casual style.",/products/extracted-products/male_dark_blue_jeans__DSC7728_3.png
103,"Men's Dark Casual Jeans",men-s-dark-casual-jeans-6,Bottoms,Jeans,Men,casual,"Male's dark jeans. Casual style.",/products/extracted-products/male_dark_blue_jeans__DSC7902_3.png
104,"Men's Dark Casual Graphic Print T-Shirt",men-s-dark-casual-graphic-print-t-shirt-2,Apparel,T,Men,casual,"Male's dark t with graphic design. Casual style.",/products/extracted-products/male_dark_green_t_shirt_graphic_SONY_ILCE-7RM5_6304x4180_000060_1.png
105,"Men's Blue Casual Jeans",men-s-blue-casual-jeans-2,Bottoms,Jeans,Men,casual,"Male's blue jeans. Casual style.",/products/extracted-products/male_blue_jeans__DSC5743_2.png
106,"Men's Dusty Streetwear Graphic Print T-Shirt",men-s-dusty-streetwear-graphic-print-t-shirt,Tops,T-Shirt,Men,streetwear,"Male's dusty t shirt with graphic design. Streetwear style.",/products/extracted-products/male_dusty_green_t-shirt_graphic_print_streetwear_SONY_ILCE_7RM5_9600x.png
107,"Men's Heather Streetwear Jacket",men-s-heather-streetwear-jacket,Outerwear,Jacket,Men,streetwear,"Male's heather jacket. Streetwear style.",/products/extracted-products/male_heather_gray_zip-up_jacket_streetwear__DSC7902.png
108,"Men's Khaki Casual Pants",men-s-khaki-casual-pants,Bottoms,Pants,Men,casual,"Male's khaki pants. Casual style.",/products/extracted-products/male_khaki_pants__DSC3820_Large_2.png
109,"Men's Khaki Casual Graphic Print Short",men-s-khaki-casual-graphic-print-short,Apparel,Short,Men,casual,"Male's khaki short with graphic design. Casual style.",/products/extracted-products/male_khaki_short_sleeved_shirt_graphic_SONY_ILCE-7RM5_6304x4180_000006_1.png
110,"Men's Light Casual Jeans",men-s-light-casual-jeans,Bottoms,Jeans,Men,casual,"Male's light jeans. Casual style.",/products/extracted-products/male_light_blue_jeans_SONY_ILCE-7RM5_6304x4180_000060_2.png
111,"Men's Light Casual Jeans",men-s-light-casual-jeans-2,Bottoms,Jeans,Men,casual,"Male's light jeans. Casual style.",/products/extracted-products/male_light_blue_jeans_SONY_ILCE-7RM5_9600x6376_000267_3.png
112,"Men's Dark Casual Pants",men-s-dark-casual-pants-3,Bottoms,Pants,Men,casual,"Male's dark pants. Casual style.",/products/extracted-products/male_dark_grey_pants__DSC4773_3.png
113,"Men's Dark Casual Shorts",men-s-dark-casual-shorts,Bottoms,Shorts,Men,casual,"Male's dark shorts. Casual style.",/products/extracted-products/male_dark_grey_shorts__DSC4148_1_2.png
114,"Men's Light Casual Jeans",men-s-light-casual-jeans-3,Bottoms,Jeans,Men,casual,"Male's light jeans. Casual style.",/products/extracted-products/male_light_blue_jeans__DSC4360_Large_2.png
115,"Men's Dark Casual Pants",men-s-dark-casual-pants-4,Bottoms,Pants,Men,casual,"Male's dark pants. Casual style.",/products/extracted-products/male_dark_olive_green_cargo_pants__DSC3419_Large_2.png
116,"Kids's Medium Casual Outerwear",kids-s-medium-casual-outerwear,Kids,Outerwear,Kids,casual,"Adorable boy's medium jacket. Casual style.",/products/extracted-products/male_medium_wash_blue_denim_jacket_casual__DSC5549.png
117,"Men's Medium Streetwear Shirt",men-s-medium-streetwear-shirt,Tops,Shirt,Men,streetwear,"Male's medium shirt. Streetwear style.",/products/extracted-products/male_medium_wash_denim_blue_denim_shirt_jacket_streetwear__DSC5909.png
118,"Men's Green Casual T-Shirt",men-s-green-casual-t-shirt,Apparel,T,Men,casual,"Male's green t. Casual style.",/products/extracted-products/male_green_t_shirt_under__DSC7902_2.png
119,"Men's Light Casual Jeans",men-s-light-casual-jeans-4,Bottoms,Jeans,Men,casual,"Male's light jeans. Casual style.",/products/extracted-products/male_light_blue_jeans__DSC6708_2.png
120,"Men's Light Casual Shirt",men-s-light-casual-shirt,Tops,Shirt,Men,casual,"Male's light shirt. Casual style.",/products/extracted-products/male_light_grey_button_up_shirt__DSC4827_Large_1.png
121,"Men's Maroon Casual Shirt",men-s-maroon-casual-shirt,Tops,Shirt,Men,casual,"Male's maroon shirt. Casual style.",/products/extracted-products/male_maroon_shirt__DSC3383_org_1.png
122,"Women's Black Casual Graphic Print T-Shirt",women-s-black-casual-graphic-print-t-shirt,Apparel,T,Women,casual,"Female's black t with graphic design. Casual style.",/products/extracted-products/female_black_t_shirt_graphic__DSC4447_Large_1.png
123,"Men's Orange Casual Graphic Print T-Shirt",men-s-orange-casual-graphic-print-t-shirt,Apparel,T,Men,casual,"Male's orange t with graphic design. Casual style.",/products/extracted-products/male_orange_t_shirt_graphic__DSC4597_Large_1.png
124,"Men's Brown Casual Graphic Print T-Shirt",men-s-brown-casual-graphic-print-t-shirt,Apparel,T,Men,casual,"Male's brown t with graphic design. Casual style.",/products/extracted-products/male_brown_t_shirt_under_graphic__DSC5909_1.png
125,"Kids's Sage Casual Graphic Print T-Shirt",kids-s-sage-casual-graphic-print-t-shirt,Kids,T,Kids,casual,"Adorable boy's sage t with graphic design. Casual style.",/products/extracted-products/male_sage_green_t_shirt_graphic_SONY_ILCE-7RM5_9600x6376_000267_2.png
126,"Men's Teal Casual T-Shirt",men-s-teal-casual-t-shirt,Apparel,T,Men,casual,"Male's teal t. Casual style.",/products/extracted-products/male_teal_t_shirt__DSC3820_Large_1.png
127,"Men's Washed Streetwear Graphic Print T-Shirt",men-s-washed-streetwear-graphic-print-t-shirt,Tops,T-Shirt,Men,streetwear,"Male's washed t shirt with graphic design. Streetwear style.",/products/extracted-products/male_washed_olive_green_t-shirt_graphic_print_streetwear_SONY_ILCE_7RM5_6304x.png
128,"Men's White Casual Graphic Print Shirt",men-s-white-casual-graphic-print-shirt,Tops,Shirt,Men,casual,"Male's white shirt with graphic design. Casual style.",/products/extracted-products/male_white_camp_collar_shirt_graphic_print_casual_SONY_ILCE_7RM5_9600x.png
129,"Kids's White Casual Graphic Print Tops",kids-s-white-casual-graphic-print-tops,Kids,Tops,Kids,casual,"Adorable boy's white hoodie with graphic design. Casual style.",/products/extracted-products/male_white_hoodie_graphic__DSC5454_1.png
130,"Kids's White Streetwear Tie-dye Print Tops",kids-s-white-streetwear-tie-dye-print-tops,Kids,Tops,Kids,streetwear,"Adorable boy's white hoodie with tie-dye design. Streetwear style.",/products/extracted-products/male_white_hoodie_tie-dye_streetwear__DSC5743.png
131,"Men's White Casual Pants",men-s-white-casual-pants,Bottoms,Pants,Men,casual,"Male's white pants. Casual style.",/products/extracted-products/male_white_pants__DSC3868_Large_3.png
132,"Men's White Casual Graphic Print Short",men-s-white-casual-graphic-print-short,Apparel,Short,Men,casual,"Male's white short with graphic design. Casual style.",/products/extracted-products/male_white_short_sleeved_shirt_graphic_SONY_ILCE-7RM5_9600x6376_000109_1.png
133,"Men's White Casual Graphic Print Short",men-s-white-casual-graphic-print-short-2,Apparel,Short,Men,casual,"Male's white short with graphic design. Casual style.",/products/extracted-products/male_white_short_sleeve_shirt_graphic__DSC4193_Large_1.png
134,"Men's White Casual Graphic Print T-Shirt",men-s-white-casual-graphic-print-t-shirt-2,Apparel,T,Men,casual,"Male's white t with graphic design. Casual style.",/products/extracted-products/male_white_t_shirt_graphic__DSC7728_2.png
135,"Kids's Beige Casual Striped Print Tops",kids-s-beige-casual-striped-print-tops,Kids,Tops,Kids,casual,"Adorable girl's beige hoodie with striped design. Casual style.",/products/extracted-products/model2_female_beige_hoodie_striped_SONY_ILCE-7RM5_9600x6376_000237_4.png
136,"Kids's Red Casual Graphic Print Tops",kids-s-red-casual-graphic-print-tops,Kids,Tops,Kids,casual,"Adorable boy's red hoodie with graphic design. Casual style.",/products/extracted-products/male_red_hoodie_jacket_outer_graphic__DSC5170_2.png
137,"Men's White Casual Striped Print T-Shirt",men-s-white-casual-striped-print-t-shirt,Apparel,T,Men,casual,"Male's white t with striped design. Casual style.",/products/extracted-products/male_white_t_shirt_striped_SONY_ILCE-7RM5_6304x4180_000037_2.png
138,"Women's Beige Casual Flats",women-s-beige-casual-flats,Footwear,Flats,Women,casual,"Female's beige flats. Casual style.",/products/extracted-products/model2_female_beige_flats_SONY_ILCE-7RM5_9600x6376_000156_5.png
139,"Men's Dark Casual Pants",men-s-dark-casual-pants-2,Bottoms,Pants,Men,casual,"Male's dark pants. Casual style.",/products/extracted-products/male_dark_grey_pants__DSC4597_Large_2.png
140,"Women's Black Casual Pants",women-s-black-casual-pants-6,Bottoms,Pants,Women,casual,"Female's black pants. Casual style.",/products/extracted-products/model2_female_black_pants__DSC3989_Large_3.png
141,"Women's Blue Casual Jeans",women-s-blue-casual-jeans-6,Bottoms,Jeans,Women,casual,"Female's blue jeans. Casual style.",/products/extracted-products/model2_female_blue_jeans__DSC4597_Large_5.png
142,"Women's Brown Casual Graphic Print Top",women-s-brown-casual-graphic-print-top,Tops,Top,Women,casual,"Female's brown top with graphic design. Casual style.",/products/extracted-products/model2_female_brown_cropped_top_graphic_SONY_ILCE-7RM5_6304x4180_000006_3.png
143,"Women's Cream Streetwear Graphic Print T-Shirt",women-s-cream-streetwear-graphic-print-t-shirt,Tops,T-Shirt,Women,streetwear,"Female's cream t shirt with graphic design. Streetwear style.",/products/extracted-products/female_cream_graphic_t-shirt_graphic_print_streetwear__DSC6666.png
144,"Women's Burgundy Casual Top",women-s-burgundy-casual-top,Tops,Top,Women,casual,"Female's burgundy top. Casual style.",/products/extracted-products/model2_female_burgundy_top_SONY_ILCE-7RM5_9600x6376_000156_3.png
145,"Kids's Dark Casual Bottoms",kids-s-dark-casual-bottoms,Kids,Bottoms,Kids,casual,"Adorable boy's dark jeans. Casual style.",/products/extracted-products/male_dark_grey_cargo_jeans__DSC5454_2.png
146,"Kids's Black Casual Dress",kids-s-black-casual-dress,Kids,Dresses,Kids,casual,"Adorable girl's black dress. Casual style.",/products/extracted-products/model2_female_black_midi_dress__DSC4744_Large_4.png
147,"Women's Black Casual Pants",women-s-black-casual-pants-5,Bottoms,Pants,Women,casual,"Female's black pants. Casual style.",/products/extracted-products/model2_female_black_pants_SONY_ILCE-7RM5_9600x6376_000156_4.png
148,"Women's Dark Casual Graphic Print Pants",women-s-dark-casual-graphic-print-pants,Bottoms,Pants,Women,casual,"Female's dark pants with graphic design. Casual style.",/products/extracted-products/model2_female_dark_blue_pants_graphic_SONY_ILCE-7RM5_9600x6376_000463_3.png
149,"Women's Dark Casual Graphic Print Top",women-s-dark-casual-graphic-print-top,Tops,Top,Women,casual,"Female's dark top with graphic design. Casual style.",/products/extracted-products/model2_female_dark_blue_top_graphic_SONY_ILCE-7RM5_9600x6376_000463_2.png
150,"Women's Black Casual Pants",women-s-black-casual-pants-8,Bottoms,Pants,Women,casual,"Female's black pants. Casual style.",/products/extracted-products/model2_female_black_pants__DSC4827_Large_4.png
151,"Women's Black Casual Shorts",women-s-black-casual-shorts,Bottoms,Shorts,Women,casual,"Female's black shorts. Casual style.",/products/extracted-products/model2_female_black_shorts_SONY_ILCE-7RM5_6304x4180_000006_4.png
152,"Women's Blue Casual Jeans",women-s-blue-casual-jeans-4,Bottoms,Jeans,Women,casual,"Female's blue jeans. Casual style.",/products/extracted-products/model2_female_blue_jeans_SONY_ILCE-7RM5_9600x6376_000237_5.png
153,"Women's Blue Casual Jeans",women-s-blue-casual-jeans-7,Bottoms,Jeans,Women,casual,"Female's blue jeans. Casual style.",/products/extracted-products/model2_female_blue_jeans__DSC4648_Large_5.png
154,"Women's Dark Casual Top",women-s-dark-casual-top,Tops,Top,Women,casual,"Female's dark top. Casual style.",/products/extracted-products/model2_female_dark_brown_sleeveless_top__DSC4827_Large_3.png
155,"Women's Blue Casual Tank",women-s-blue-casual-tank,Tops,Tank,Women,casual,"Female's blue tank. Casual style.",/products/extracted-products/model2_female_blue_tank_top__DSC3868_Large_4.png
156,"Women's Bright Casual Top",women-s-bright-casual-top,Tops,Top,Women,casual,"Female's bright top. Casual style.",/products/extracted-products/model2_female_bright_pink_crop_top_SONY_ILCE-7RM5_9600x6376_000267_5.png
157,"Women's Light Casual Jacket",women-s-light-casual-jacket-5,Outerwear,Jacket,Women,casual,"Female's light jacket. Casual style.",/products/extracted-products/model2_female_light_blue_jacket_outer_SONY_ILCE-7RM5_9600x6376_000267_4.png
158,"Women's Light Casual Graphic Print Dress",women-s-light-casual-graphic-print-dress,Dresses,Dress,Women,casual,"Female's light dress with graphic design. Casual style.",/products/extracted-products/model2_female_light_pink_dress_graphic__DSC4148_1_5.png
159,"Women's Maroon Casual Blouse",women-s-maroon-casual-blouse,Tops,Blouse,Women,casual,"Female's maroon blouse. Casual style.",/products/extracted-products/model2_female_maroon_blouse__DSC3989_Large_2.png
160,"Women's Pink Casual Backpack",women-s-pink-casual-backpack,Accessories,Backpack,Women,casual,"Female's pink backpack. Casual style.",/products/extracted-products/model2_female_pink_backpack__DSC3800_Large_8.png
161,"Kids's Pink Casual Tops",kids-s-pink-casual-tops-2,Kids,Tops,Kids,casual,"Adorable girl's pink top. Casual style.",/products/extracted-products/model2_female_pink_top_under__DSC4293_Large_4.png
162,"Women's Light Casual Jeans",women-s-light-casual-jeans-3,Bottoms,Jeans,Women,casual,"Female's light jeans. Casual style.",/products/extracted-products/model2_female_light_blue_jeans_SONY_ILCE-7RM5_9600x6376_000267_6.png
163,"Women's Light Casual Jeans",women-s-light-casual-jeans-4,Bottoms,Jeans,Women,casual,"Female's light jeans. Casual style.",/products/extracted-products/model2_female_light_blue_jeans__DSC3800_Large_6.png
164,"Women's Light Casual Jeans",women-s-light-casual-jeans-5,Bottoms,Jeans,Women,casual,"Female's light jeans. Casual style.",/products/extracted-products/model2_female_light_blue_jeans__DSC4293_Large_6.png
165,"Women's Light Casual Jeans",women-s-light-casual-jeans-6,Bottoms,Jeans,Women,casual,"Female's light jeans. Casual style.",/products/extracted-products/model2_female_light_blue_jeans__DSC4404_Large_6.png
166,"Women's Light Casual Skirt",women-s-light-casual-skirt,Bottoms,Skirt,Women,casual,"Female's light skirt. Casual style.",/products/extracted-products/model2_female_light_blue_skirt__DSC4447_Large_4.png
167,"Women's Light Casual Flats",women-s-light-casual-flats,Footwear,Flats,Women,casual,"Female's light flats. Casual style.",/products/extracted-products/model2_female_light_brown_flats__DSC4148_1_6.png
168,"Women's Pink Casual T-Shirt",women-s-pink-casual-t-shirt-2,Apparel,T,Women,casual,"Female's pink t. Casual style.",/products/extracted-products/model2_female_pink_t_shirt__DSC3800_Large_5.png
169,"Men's Off white Casual Graphic Print T-Shirt",men-s-off-white-casual-graphic-print-t-shirt,Apparel,T,Men,casual,"Male's off white t with graphic design. Casual style.",/products/extracted-products/model2_male_off-white_t_shirt_under_graphic_SONY_ILCE-7RM5_9600x6376_000109_5.png
170,"Women's Pink Casual T-Shirt",women-s-pink-casual-t-shirt,Apparel,T,Women,casual,"Female's pink t. Casual style.",/products/extracted-products/model2_female_pink_t_shirt__DSC3713_Large_4.png
171,"Men's Black Casual T-Shirt",men-s-black-casual-t-shirt,Apparel,T,Men,casual,"Male's black t. Casual style.",/products/extracted-products/model3_male_black_t_shirt__DSC3713_Large_6.png
172,"Women's White Casual T-Shirt",women-s-white-casual-t-shirt,Apparel,T,Women,casual,"Female's white t. Casual style.",/products/extracted-products/model2_female_white_t_shirt_under__DSC4404_Large_5.png
173,"Men's Beige Casual Hoodie",men-s-beige-casual-hoodie,Tops,Hoodie,Men,casual,"Male's beige hoodie. Casual style.",/products/extracted-products/model2_male_beige_hoodie__DSC3606_3.png
174,"Men's Black Casual Shirt",men-s-black-casual-shirt,Tops,Shirt,Men,casual,"Male's black shirt. Casual style.",/products/extracted-products/model2_male_black_button_up_shirt__DSC4537_Large_2.png
175,"Men's Black Casual Pants",men-s-black-casual-pants-6,Bottoms,Pants,Men,casual,"Male's black pants. Casual style.",/products/extracted-products/model2_male_black_pants_SONY_ILCE-7RM5_9600x6376_000109_6.png
176,"Men's Black Casual Pants",men-s-black-casual-pants-7,Bottoms,Pants,Men,casual,"Male's black pants. Casual style.",/products/extracted-products/model2_male_black_pants__DSC3952_Large_5.png
177,"Men's Blue Casual Jeans",men-s-blue-casual-jeans-5,Bottoms,Jeans,Men,casual,"Male's blue jeans. Casual style.",/products/extracted-products/model2_male_blue_jeans__DSC3606_4.png
178,"Women's Dark Casual Pants",women-s-dark-casual-pants,Bottoms,Pants,Women,casual,"Female's dark pants. Casual style.",/products/extracted-products/female_dark_blue_cargo_pants__DSC4744_Large_2.png
179,"Men's Light Casual Jeans",men-s-light-casual-jeans-5,Bottoms,Jeans,Men,casual,"Male's light jeans. Casual style.",/products/extracted-products/model2_male_light_blue_jeans__DSC3820_Large_8.png
180,"Men's Light Casual Shirt",men-s-light-casual-shirt-2,Tops,Shirt,Men,casual,"Male's light shirt. Casual style.",/products/extracted-products/model2_male_light_green_shirt__DSC3952_Large_4.png
181,"Kids's Olive Casual Graphic Print Bottoms",kids-s-olive-casual-graphic-print-bottoms,Kids,Bottoms,Kids,casual,"Adorable boy's olive pants with graphic design. Casual style.",/products/extracted-products/male_olive_green_pants_graphic__DSC5549_3.png
182,"Kids's Yellow Casual Graphic Print Dress",kids-s-yellow-casual-graphic-print-dress,Kids,Dresses,Kids,casual,"Adorable girl's yellow dress with graphic design. Casual style.",/products/extracted-products/model2_female_yellow_dress_graphic_SONY_ILCE-7RM5_9600x6376_000295_2.png
183,"Men's Black Casual Pants",men-s-black-casual-pants-8,Bottoms,Pants,Men,casual,"Male's black pants. Casual style.",/products/extracted-products/model2_male_black_pants__DSC4537_Large_3.png
184,"Men's Black Casual Graphic Print Sweatshirt",men-s-black-casual-graphic-print-sweatshirt,Tops,Sweatshirt,Men,casual,"Male's black sweatshirt with graphic design. Casual style.",/products/extracted-products/model2_male_black_sweatshirt_graphic_SONY_ILCE-7RM5_6304x4180_000060_4.png
185,"Men's Blue Casual Jeans",men-s-blue-casual-jeans-4,Bottoms,Jeans,Men,casual,"Male's blue jeans. Casual style.",/products/extracted-products/model2_male_blue_jeans_SONY_ILCE-7RM5_6304x4180_000037_7.png
186,"Men's Dark Casual Jeans",men-s-dark-casual-jeans-7,Bottoms,Jeans,Men,casual,"Male's dark jeans. Casual style.",/products/extracted-products/model2_male_dark_blue_jeans_SONY_ILCE-7RM5_6304x4180_000060_5.png
187,"Men's Dark Casual Shirt",men-s-dark-casual-shirt,Tops,Shirt,Men,casual,"Male's dark shirt. Casual style.",/products/extracted-products/model2_male_dark_brown_long_sleeved_shirt_outer_SONY_ILCE-7RM5_9600x6376_000109_4.png
188,"Kids's Dark Casual Graphic Print Tops",kids-s-dark-casual-graphic-print-tops,Kids,Tops,Kids,casual,"Adorable boy's dark sweatshirt with graphic design. Casual style.",/products/extracted-products/model2_male_dark_teal_sweatshirt_graphic__DSC5314_3.png
189,"Kids's Navy Casual Graphic Print Outerwear",kids-s-navy-casual-graphic-print-outerwear,Kids,Outerwear,Kids,casual,"Adorable boy's navy jacket with graphic design. Casual style.",/products/extracted-products/model2_male_navy_blue_varsity_jacket_outer_graphic__DSC3820_Large_6.png
190,"Men's White Casual Graphic Print T-Shirt",men-s-white-casual-graphic-print-t-shirt,Apparel,T,Men,casual,"Male's white t with graphic design. Casual style.",/products/extracted-products/male_white_t_shirt_graphic__DSC4815_Large_2.png
191,"Women's Beige Casual Graphic Print Sweatpants",women-s-beige-casual-graphic-print-sweatpants-2,Bottoms,Sweatpants,Women,casual,"Female's beige sweatpants with graphic design. Casual style.",/products/extracted-products/model3_female_beige_sweatpants_graphic__DSC3606_7.png
192,"Women's Blue Casual Top",women-s-blue-casual-top,Tops,Top,Women,casual,"Female's blue top. Casual style.",/products/extracted-products/model3_female_blue_sleeveless_top__DSC4597_Large_7.png
193,"Kids's Light Casual Graphic Print Dress",kids-s-light-casual-graphic-print-dress,Kids,Dresses,Kids,casual,"Adorable girl's light dress with graphic design. Casual style.",/products/extracted-products/female_light_yellow_dress_graphic_file_1616x1080_001036_Large_1.png
194,"Men's Beige Casual Shorts",men-s-beige-casual-shorts,Bottoms,Shorts,Men,casual,"Male's beige shorts. Casual style.",/products/extracted-products/model3_male_beige_shorts__DSC4148_1_8.png
195,"Men's Dark Casual Pants",men-s-dark-casual-pants-5,Bottoms,Pants,Men,casual,"Male's dark pants. Casual style.",/products/extracted-products/model3_male_dark_brown_pants__DSC3952_Large_8.png
196,"Kids's White Casual Graphic Print T-Shirt",kids-s-white-casual-graphic-print-t-shirt,Kids,T,Kids,casual,"Adorable girl's white t with graphic design. Casual style.",/products/extracted-products/female_white_t_shirt_under_graphic__DSC5713_1.png
197,"Women's Blue Casual Vest",women-s-blue-casual-vest,Tops,Vest,Women,casual,"Female's blue vest. Casual style.",/products/extracted-products/model3_female_blue_denim_vest_outer__DSC4293_Large_8.png
198,"Women's Blue Casual Jeans",women-s-blue-casual-jeans-8,Bottoms,Jeans,Women,casual,"Female's blue jeans. Casual style.",/products/extracted-products/model3_female_blue_jeans__DSC4293_Large_9.png
199,"Men's Grey Casual Graphic Print Backpack",men-s-grey-casual-graphic-print-backpack,Accessories,Backpack,Men,casual,"Male's grey backpack with graphic design. Casual style.",/products/extracted-products/model3_male_grey_backpack_graphic__DSC3800_Large_12.png
200,"Women's White Casual Pants",women-s-white-casual-pants-2,Bottoms,Pants,Women,casual,"Female's white pants. Casual style.",/products/extracted-products/model3_female_white_pants__DSC4597_Large_8.png
201,"Men's Black Casual Pants",men-s-black-casual-pants-9,Bottoms,Pants,Men,casual,"Male's black pants. Casual style.",/products/extracted-products/model3_male_black_pants__DSC3713_Large_7.png
202,"Men's Dark Casual Graphic Print Shirt",men-s-dark-casual-graphic-print-shirt,Tops,Shirt,Men,casual,"Male's dark shirt with graphic design. Casual style.",/products/extracted-products/model3_male_dark_green_button_up_shirt_graphic__DSC3800_Large_9.png
203,"Men's Dark Casual Jeans",men-s-dark-casual-jeans-8,Bottoms,Jeans,Men,casual,"Male's dark jeans. Casual style.",/products/extracted-products/model3_male_dark_grey_jeans__DSC3868_Large_7.png
204,"Women's Black Casual Apparel",women-s-black-casual-apparel-2,Apparel,Apparel,Women,casual,"Female's black apparel. Casual style.",/products/extracted-products/model2_female_black_heels__DSC4744_Large_5.png
205,"Men's White Casual Graphic Print Shirt",men-s-white-casual-graphic-print-shirt-2,Tops,Shirt,Men,casual,"Male's white shirt with graphic design. Casual style.",/products/extracted-products/model3_male_white_shirt_graphic__DSC3952_Large_7.png
206,"Women's Dark Casual Dress",women-s-dark-casual-dress,Dresses,Dress,Women,casual,"Female's dark dress. Casual style.",/products/extracted-products/model4_female_dark_red_dress__DSC4148_1_11.png
207,"Women's White Casual Graphic Print Sweatshirt",women-s-white-casual-graphic-print-sweatshirt-3,Tops,Sweatshirt,Women,casual,"Female's white sweatshirt with graphic design. Casual style.",/products/extracted-products/model4_female_white_sweatshirt_graphic__DSC3868_Large_8.png
208,"Women's Beige Casual Apparel",women-s-beige-casual-apparel,Apparel,Apparel,Women,casual,"Female's beige apparel. Casual style.",/products/extracted-products/female_beige_heels__DSC6503_2.png
209,"Women's Black Casual Pants",women-s-black-casual-pants,Bottoms,Pants,Women,casual,"Female's black pants. Casual style.",/products/extracted-products/female_black_pants_file_1616x1080_001321_Large_2.png
210,"Men's Black Casual Graphic Print Short",men-s-black-casual-graphic-print-short,Apparel,Short,Men,casual,"Male's black short with graphic design. Casual style.",/products/extracted-products/male_black_short_sleeved_shirt_graphic__DSC4148_1_1.png
211,"Men's Black Casual Pants",men-s-black-casual-pants-10,Bottoms,Pants,Men,casual,"Male's black pants. Casual style.",/products/extracted-products/model5_male_black_pants__DSC3606_14.png
212,"Women's Black Casual Jacket",women-s-black-casual-jacket,Outerwear,Jacket,Women,casual,"Female's black jacket. Casual style.",/products/extracted-products/model4_female_black_jacket_outer__DSC3606_10.png
213,"Women's Black Casual Pants",women-s-black-casual-pants-9,Bottoms,Pants,Women,casual,"Female's black pants. Casual style.",/products/extracted-products/model4_female_black_pants__DSC3606_11.png
214,"Women's Light Casual Jeans",women-s-light-casual-jeans-7,Bottoms,Jeans,Women,casual,"Female's light jeans. Casual style.",/products/extracted-products/model4_female_light_blue_jeans__DSC3868_Large_9.png
215,"Women's White Casual T-Shirt",women-s-white-casual-t-shirt-2,Apparel,T,Women,casual,"Female's white t. Casual style.",/products/extracted-products/model4_female_white_t_shirt_under__DSC3606_9.png
216,"Men's Blue Casual Jacket",men-s-blue-casual-jacket,Outerwear,Jacket,Men,casual,"Male's blue jacket. Casual style.",/products/extracted-products/model4_male_blue_denim_jacket_outer__DSC4293_Large_11.png
217,"Men's Dark Casual Jeans",men-s-dark-casual-jeans-9,Bottoms,Jeans,Men,casual,"Male's dark jeans. Casual style.",/products/extracted-products/model4_male_dark_blue_jeans__DSC4293_Large_12.png
218,"Men's Grey Casual Graphic Print T-Shirt",men-s-grey-casual-graphic-print-t-shirt,Apparel,T,Men,casual,"Male's grey t with graphic design. Casual style.",/products/extracted-products/model5_male_grey_t_shirt_graphic__DSC3606_13.png
219,"Women's Black Casual Pants",women-s-black-casual-pants-2,Bottoms,Pants,Women,casual,"Female's black pants. Casual style.",/products/extracted-products/female_black_pants__DSC3713_Large_3.png
220,"Women's Light Casual Textured Print Shirt",women-s-light-casual-textured-print-shirt,Tops,Shirt,Women,casual,"Female's light shirt with textured design. Casual style.",/products/extracted-products/female_light_taupe_matching_button-up_shirt_and_w_textured_grid_pattern_casual__DSC6321.png
221,"Women's Light Casual Graphic Print Pants",women-s-light-casual-graphic-print-pants,Bottoms,Pants,Women,casual,"Female's light pants with graphic design. Casual style.",/products/extracted-products/female_light_beige_pants_graphic__DSC6321_2.png
222,"Men's Blue Casual Graphic Print Jacket",men-s-blue-casual-graphic-print-jacket,Outerwear,Jacket,Men,casual,"Male's blue jacket with graphic design. Casual style.",/products/extracted-products/male_blue_jacket_outer_graphic__DSC5909_2.png
223,"Men's Dark Casual Graphic Print T-Shirt",men-s-dark-casual-graphic-print-t-shirt-3,Apparel,T,Men,casual,"Male's dark t with graphic design. Casual style.",/products/extracted-products/male_dark_green_t_shirt_graphic__DSC3339_Large_1.png
224,"Kids's Light Casual Bottoms",kids-s-light-casual-bottoms-2,Kids,Bottoms,Kids,casual,"Adorable girl's light pants. Casual style.",/products/extracted-products/female_light_purple_pants__DSC4648_Large_3.png
225,"Men's White Casual Graphic Print T-Shirt",men-s-white-casual-graphic-print-t-shirt-3,Apparel,T,Men,casual,"Male's white t with graphic design. Casual style.",/products/extracted-products/male_white_t_shirt_under_graphic__DSC4293_Large_1.png
226,"Men's Beige Casual Backpack",men-s-beige-casual-backpack,Accessories,Backpack,Men,casual,"Male's beige backpack. Casual style.",/products/extracted-products/male_beige_backpack_outer__DSC3383_org_4.png
227,"Women's Black Casual Graphic Print Dress",women-s-black-casual-graphic-print-dress-3,Dresses,Dress,Women,casual,"Female's black dress with graphic design. Casual style.",/products/extracted-products/model2_female_black_dress_graphic_SONY_ILCE-7RM5_9600x6376_000220_3.png
228,"Women's Black Casual Pants",women-s-black-casual-pants-7,Bottoms,Pants,Women,casual,"Female's black pants. Casual style.",/products/extracted-products/model2_female_black_pants__DSC4360_Large_5.png
229,"Women's Blue Casual Jeans",women-s-blue-casual-jeans-5,Bottoms,Jeans,Women,casual,"Female's blue jeans. Casual style.",/products/extracted-products/model2_female_blue_jeans__DSC3713_Large_5.png
230,"Women's White Casual Pants",women-s-white-casual-pants,Bottoms,Pants,Women,casual,"Female's white pants. Casual style.",/products/extracted-products/model2_female_white_pants__DSC3868_Large_5.png
231,"Men's Orange Casual Graphic Print T-Shirt",men-s-orange-casual-graphic-print-t-shirt-2,Apparel,T,Men,casual,"Male's orange t with graphic design. Casual style.",/products/extracted-products/model2_male_orange_t_shirt_under_graphic__DSC3820_Large_7.png
232,"Men's Khaki Casual Pants",men-s-khaki-casual-pants-2,Bottoms,Pants,Men,casual,"Male's khaki pants. Casual style.",/products/extracted-products/model2_male_khaki_pants__DSC5314_4.png
233,"Women's White Casual Striped Print Top",women-s-white-casual-striped-print-top,Tops,Top,Women,casual,"Female's white top with striped design. Casual style.",/products/extracted-products/model3_female_white_top_striped__DSC4293_Large_7.png
234,"Kids's Blue Casual Outerwear",kids-s-blue-casual-outerwear,Kids,Outerwear,Kids,casual,"Adorable boy's blue jacket. Casual style.",/products/extracted-products/male_blue_jacket_outer__DSC5549_1.png
235,"Men's Dark Casual Graphic Print T-Shirt",men-s-dark-casual-graphic-print-t-shirt,Apparel,T,Men,casual,"Male's dark t with graphic design. Casual style.",/products/extracted-products/male_dark_blue_t_shirt_graphic__DSC4360_Large_1.png
236,"Men's Grey Casual Jacket",men-s-grey-casual-jacket,Outerwear,Jacket,Men,casual,"Male's grey jacket. Casual style.",/products/extracted-products/male_grey_jacket_outer__DSC7902_1.png
237,"Men's Blue Casual Jeans",men-s-blue-casual-jeans,Bottoms,Jeans,Men,casual,"Male's blue jeans. Casual style.",/products/extracted-products/male_blue_jeans__DSC3800_Large_2.png
238,"Men's Off white Casual Graphic Print Shirt",men-s-off-white-casual-graphic-print-shirt,Tops,Shirt,Men,casual,"Male's off white shirt with graphic design. Casual style.",/products/extracted-products/male_off-white_button_up_shirt_graphic__DSC3800_Large_1.png
239,"Men's Olive Casual Short",men-s-olive-casual-short,Apparel,Short,Men,casual,"Male's olive short. Casual style.",/products/extracted-products/male_olive_green_short_sleeve_shirt_outer__DSC7728_1.png
240,"Men's White Casual Graphic Print Hoodie",men-s-white-casual-graphic-print-hoodie,Tops,Hoodie,Men,casual,"Male's white hoodie with graphic design. Casual style.",/products/extracted-products/male_white_hoodie_graphic__DSC5743_1.png
241,"Women's Black Casual Apparel",women-s-black-casual-apparel,Apparel,Apparel,Women,casual,"Female's black apparel. Casual style.",/products/extracted-products/model2_female_black_heels_SONY_ILCE-7RM5_9600x6376_000220_4.png
242,"Women's Black Casual Graphic Print Visor",women-s-black-casual-graphic-print-visor,Accessories,Visor,Women,casual,"Female's black visor with graphic design. Casual style.",/products/extracted-products/model2_female_black_visor_outer_graphic__DSC3800_Large_4.png
243,"Women's Dark Casual Graphic Print T-Shirt",women-s-dark-casual-graphic-print-t-shirt,Apparel,T,Women,casual,"Female's dark t with graphic design. Casual style.",/products/extracted-products/model2_female_dark_green_t_shirt_graphic__DSC4447_Large_3.png
244,"Women's Light Casual Jacket",women-s-light-casual-jacket-4,Outerwear,Jacket,Women,casual,"Female's light jacket. Casual style.",/products/extracted-products/model2_female_light_blue_denim_jacket_outer__DSC4293_Large_5.png
245,"Men's White Casual Striped Print Shirt",men-s-white-casual-striped-print-shirt,Tops,Shirt,Men,casual,"Male's white shirt with striped design. Casual style.",/products/extracted-products/model2_male_white_polo_shirt_striped_SONY_ILCE-7RM5_6304x4180_000037_6.png
246,"Women's Light Casual Vest",women-s-light-casual-vest,Tops,Vest,Women,casual,"Female's light vest. Casual style.",/products/extracted-products/model2_female_light_blue_vest_outer__DSC4404_Large_4.png
247,"Women's Maroon Casual Graphic Print Sweatshirt",women-s-maroon-casual-graphic-print-sweatshirt,Tops,Sweatshirt,Women,casual,"Female's maroon sweatshirt with graphic design. Casual style.",/products/extracted-products/model2_female_maroon_sweatshirt_graphic__DSC4648_Large_4.png
248,"Men's Orange Casual Graphic Print T-Shirt",men-s-orange-casual-graphic-print-t-shirt-3,Apparel,T,Men,casual,"Male's orange t with graphic design. Casual style.",/products/extracted-products/model3_male_orange_t_shirt_graphic__DSC3868_Large_6.png
249,"Women's White Casual Graphic Print Sweatshirt",women-s-white-casual-graphic-print-sweatshirt,Tops,Sweatshirt,Women,casual,"Female's white sweatshirt with graphic design. Casual style.",/products/extracted-products/model2_female_white_sweatshirt_graphic__DSC4360_Large_4.png
250,"Women's White Casual Graphic Print Sweatshirt",women-s-white-casual-graphic-print-sweatshirt-2,Tops,Sweatshirt,Women,casual,"Female's white sweatshirt with graphic design. Casual style.",/products/extracted-products/model2_female_white_sweatshirt_graphic__DSC4597_Large_4.png
251,"Women's Beige Casual Graphic Print Hoodie",women-s-beige-casual-graphic-print-hoodie-2,Tops,Hoodie,Women,casual,"Female's beige hoodie with graphic design. Casual style.",/products/extracted-products/model3_female_beige_hoodie_graphic__DSC3606_6.png
252,"Men's Maroon Casual Graphic Print Short",men-s-maroon-casual-graphic-print-short,Apparel,Short,Men,casual,"Male's maroon short with graphic design. Casual style.",/products/extracted-products/model3_male_maroon_short_sleeved_shirt_graphic__DSC4148_1_7.png
253,"Men's White Casual Pants",men-s-white-casual-pants-2,Bottoms,Pants,Men,casual,"Male's white pants. Casual style.",/products/extracted-products/model3_male_white_pants__DSC3800_Large_10.png
254,"Women's Black Casual Flats",women-s-black-casual-flats,Footwear,Flats,Women,casual,"Female's black flats. Casual style.",/products/extracted-products/model4_female_black_flats__DSC4148_1_12.png
255,"Men's Light Casual Graphic Print T-Shirt",men-s-light-casual-graphic-print-t-shirt,Apparel,T,Men,casual,"Male's light t with graphic design. Casual style.",/products/extracted-products/model4_male_light_green_t_shirt_under_graphic__DSC4293_Large_10.png